Best parameters,"{'knn__n_neighbors': 5, 'pca__n_components': 24}"
Metric,Train,Validation
Accuracy,0.8015873015873016,0.7333333333333333
Precision,0.782608695652174,0.6842105263157895
Recall,0.84375,0.8666666666666667
F1,0.8120300751879699,0.7647058823529411
