Best parameters,"{'knn__n_neighbors': 5, 'pca__n_components': 12}"
Metric,Train,Validation
Accuracy,0.7619047619047619,0.43333333333333335
Precision,0.7297297297297297,0.45
Recall,0.84375,0.6
F1,0.782608695652174,0.5142857142857142
