Best parameters,"{'knn__n_neighbors': 5, 'pca__n_components': 24}"
Metric,Train,Validation
Accuracy,0.8015873015873016,0.4666666666666667
Precision,0.782608695652174,0.4782608695652174
Recall,0.84375,0.7333333333333333
F1,0.8120300751879699,0.5789473684210527
